Timestamp,Age Group,Primary Social Media Platforms,Daily Time Spent,Search for Symptoms on Social Media Instead of Search Engines,Frequency of Medical Content Exposure (1-5),Commonly Self-Diagnosed Conditions Observed,Algorithmic Recommendations of Diagnostic Content,Action Taken When Seeing Matching Symptoms,General Feeling After Watching Self-Diagnosis Content,Verification of Content Creator Credibility,Suspected Self-Condition Based Solely on Video,Next Step After Suspecting Condition,Perceived Danger of Self-Diagnosis (1-5),Professional Consultation Post-Self-Diagnosis,Purchased Medication/Supplements Based on SM Advice,Content Simplifies Complex Issues (1-5)
3/15/2026 20:48,18-24,"TikTok, Instagram, YouTube, Facebook",More than 5 hours,Sometimes,4,"ADHD, Autism, Depression, Anxiety, Bipolar Disorder",Sometimes,"Save the video, Read comments",Anxiety and stress,If they mention scientific sources,Yes,Tried self-treatment,5,No,No,4
3/15/2026 20:51,18-24,"TikTok, Instagram, YouTube",3-5 hours,No,4,ADHD,"Yes, constantly",Skip it,Doubt and disbelief,If they are a specialized doctor,Yes,Did nothing,4,No,No,4
3/15/2026 20:57,18-24,"Instagram, Facebook",3-5 hours,No,1,Depression,Sometimes,"Watch the full video, Read comments",Doubt and disbelief,If they are a specialized doctor,No,Did nothing,3,No,No,5
3/15/2026 20:57,18-24,Facebook,1-3 hours,No,2,"Depression, Other",Sometimes,Read comments,Relief from understanding myself,If they mention scientific sources,No,Did nothing,3,No,No,4
3/15/2026 20:58,18-24,"TikTok, Instagram",3-5 hours,Always,3,"ADHD, Autism, Depression, Anxiety, Bipolar Disorder",Sometimes,Watch the full video,Doubt and disbelief,If they are a specialized doctor,Yes,Did nothing,5,No,No,5
3/15/2026 21:01,18-24,YouTube,3-5 hours,Always,2,"Autism, Depression, Anxiety","Yes, constantly","Watch the full video, Like the video, Save the video, Read comments",Relief from understanding myself,Based on follower count,Yes,Tried self-treatment,3,No,No,5
3/15/2026 21:03,18-24,"YouTube, Reddit, Facebook",1-3 hours,Sometimes,4,"ADHD, Autism, Depression, Anxiety, Bipolar Disorder",Sometimes,Watch the full video,Doubt and disbelief,If they are a specialized doctor,Yes,Did nothing,5,No,No,4
3/15/2026 21:03,18-24,"TikTok, Instagram, Facebook",More than 5 hours,No,3,"Anxiety, Digestive Issues, Other",Sometimes,"Watch the full video, Save the video, Read comments",Confusion,If they mention scientific sources,No,Did nothing,2,No,No,3
3/15/2026 21:04,18-24,"TikTok, Instagram",1-3 hours,Always,4,"Anxiety, Digestive Issues","Yes, constantly","Watch the full video, Save the video",Doubt and disbelief,If they mention scientific sources,Yes,Started labeling myself without a doctor,4,No,No,5
3/15/2026 21:05,18-24,"YouTube, Reddit, Facebook",3-5 hours,Sometimes,2,"ADHD, Depression, Anxiety","Yes, constantly",Skip it,Doubt and disbelief,If they mention scientific sources,No,Did nothing,5,No,No,5
3/15/2026 21:05,18-24,Facebook,3-5 hours,Always,5,"ADHD, Anxiety","Yes, constantly","Watch the full video, Save the video",Relief from understanding myself,Based on a convincing personal experience,Yes,Consulted a specialist,4,No,No,3
3/15/2026 21:06,25-34,"Instagram, YouTube, X (Twitter), Facebook",Less than 1 hour,Always,3,Other,Sometimes,"Watch the full video, Save the video",Relief from understanding myself,Based on a convincing personal experience,No,Did nothing,3,No,No,4
3/15/2026 21:07,18-24,"TikTok, Instagram, YouTube",3-5 hours,Sometimes,5,"ADHD, Depression, Bipolar Disorder",Sometimes,"Watch the full video, Save the video, Read comments",Anxiety and stress,If they are a specialized doctor,Yes,Did nothing,5,No,No,5
3/15/2026 21:09,18-24,Facebook,3-5 hours,Sometimes,2,ADHD,Sometimes,Watch the full video,Relief from understanding myself,If they mention scientific sources,Yes,Tried self-treatment,3,No,No,4
3/15/2026 21:16,18-24,YouTube,More than 5 hours,Sometimes,1,Other,Sometimes,Save the video,Relief from understanding myself,If they mention scientific sources,Yes,Consulted a specialist,2,No,No,3
3/15/2026 21:19,18-24,Facebook,1-3 hours,Sometimes,2,"Autism, Depression, Anxiety",No,"Watch the full video, Save the video, Read comments",Relief from understanding myself,If they mention scientific sources,No,Did nothing,3,No,No,4
3/15/2026 21:20,18-24,"TikTok, Instagram, YouTube, Facebook",3-5 hours,Sometimes,3,"ADHD, Depression, Anxiety","Yes, constantly","Watch the full video, Save the video",Anxiety and stress,If they mention scientific sources,No,Did nothing,5,No,No,4
3/15/2026 21:21,18-24,YouTube,1-3 hours,Sometimes,3,"ADHD, Depression, Anxiety, Digestive Issues",No,"Watch the full video, Read comments",Anxiety and stress,I don't verify the information,Yes,Did nothing,3,No,No,3
3/15/2026 21:25,18-24,"TikTok, YouTube, Reddit",1-3 hours,No,2,"Anxiety, Other",No,Skip it,Confusion,If they are a specialized doctor,No,Did nothing,3,No,No,4
3/15/2026 21:30,18-24,Facebook,1-3 hours,Sometimes,2,"Depression, Anxiety",Sometimes,"Watch the full video, Save the video",Relief from understanding myself,If they mention scientific sources,Yes,Started labeling myself without a doctor,3,No,No,4
3/15/2026 21:31,18-24,"Instagram, YouTube, Facebook",More than 5 hours,No,1,"ADHD, Depression","Yes, constantly",Read comments,Doubt and disbelief,Based on a convincing personal experience,Yes,Did nothing,2,No,No,3
3/15/2026 21:33,18-24,"TikTok, Instagram, YouTube, Facebook",3-5 hours,Sometimes,4,"Depression, Anxiety, Bipolar Disorder, Digestive Issues","Yes, constantly","Watch the full video, Like the video",Relief from understanding myself,If they are a specialized doctor,No,Did nothing,5,No,No,4
3/15/2026 21:36,18-24,"YouTube, X (Twitter), Facebook",3-5 hours,No,2,"ADHD, Depression",No,Read comments,Confusion,I don't verify the information,No,Did nothing,3,No,No,5
3/15/2026 21:38,18-24,"YouTube, Facebook",3-5 hours,Sometimes,3,"ADHD, Depression, Anxiety",Sometimes,"Watch the full video, Read comments",Relief from understanding myself,If they are a specialized doctor,Yes,Did nothing,4,No,No,5
3/15/2026 21:38,25-34,"YouTube, Reddit, Facebook",1-3 hours,Sometimes,3,"ADHD, Depression, Bipolar Disorder",Sometimes,Skip it,Doubt and disbelief,I don't verify the information,No,Did nothing,5,No,No,4
3/15/2026 21:39,18-24,"TikTok, Instagram, Facebook",More than 5 hours,Always,3,"Autism, Depression, Anxiety, Digestive Issues, Other",Sometimes,Watch the full video,Confusion,Based on a convincing personal experience,Yes,Did nothing,3,No,No,3
3/15/2026 21:40,18-24,YouTube,3-5 hours,Always,4,"ADHD, Depression","Yes, constantly",Watch the full video,Anxiety and stress,I don't verify the information,Yes,Started labeling myself without a doctor,5,No,No,5
3/15/2026 21:40,18-24,"Instagram, YouTube, X (Twitter)",More than 5 hours,Sometimes,4,"ADHD, Autism, Depression, Anxiety",Sometimes,Skip it,Doubt and disbelief,If they are a specialized doctor,Yes,Did nothing,5,No,No,3
3/15/2026 21:46,25-34,"YouTube, Reddit, Facebook",1-3 hours,No,3,Other,No,"Watch the full video, Skip it",Doubt and disbelief,If they are a specialized doctor,No,Did nothing,5,No,No,3
3/15/2026 21:51,18-24,"TikTok, Instagram, YouTube, X (Twitter), Facebook",3-5 hours,Sometimes,2,Other,Sometimes,Watch the full video,Doubt and disbelief,Based on follower count,No,Did nothing,3,No,No,4
3/15/2026 21:59,18-24,YouTube,1-3 hours,No,5,Digestive Issues,Sometimes,Watch the full video,Relief from understanding myself,If they mention scientific sources,Yes,Did nothing,3,No,No,5
3/15/2026 22:07,25-34,YouTube,Less than 1 hour,Sometimes,3,Anxiety,Sometimes,"Save the video, Skip it",Doubt and disbelief,If they are a specialized doctor,Yes,Did nothing,2,No,No,5
3/15/2026 22:09,18-24,Instagram,3-5 hours,No,2,"Autism, Depression, Anxiety",Sometimes,Watch the full video,Relief from understanding myself,If they are a specialized doctor,Yes,Did nothing,2,No,No,4
3/15/2026 22:10,18-24,Instagram,3-5 hours,No,1,"ADHD, Other","Yes, constantly",Watch the full video,Anxiety and stress,If they are a specialized doctor,Yes,Did nothing,4,No,No,5
3/15/2026 22:17,18-24,"TikTok, Instagram, X (Twitter), Facebook",More than 5 hours,No,3,"ADHD, Depression, Anxiety","Yes, constantly",Watch the full video,Confusion,Based on follower count,Yes,Did nothing,3,No,No,4
3/15/2026 22:18,18-24,"Instagram, YouTube",1-3 hours,Always,4,"Depression, Anxiety",Sometimes,"Watch the full video, Read comments, Skip it",Confusion,If they are a specialized doctor,Yes,Started labeling myself without a doctor,5,No,No,4
3/15/2026 22:18,18-24,"TikTok, Instagram, Facebook",3-5 hours,Always,2,"ADHD, Autism, Depression, Anxiety, Bipolar Disorder, Digestive Issues, Other","Yes, constantly","Watch the full video, Read comments",Confusion,If they mention scientific sources,No,Did nothing,5,No,No,3
3/15/2026 22:19,25-34,"TikTok, Instagram, YouTube, Facebook",Less than 1 hour,Sometimes,1,Digestive Issues,Sometimes,Watch the full video,Relief from understanding myself,If they are a specialized doctor,No,Did nothing,4,No,No,3
3/15/2026 22:19,18-24,"Instagram, YouTube, X (Twitter), Reddit, Facebook",1-3 hours,Sometimes,3,"ADHD, Autism, Depression, Bipolar Disorder, Digestive Issues",Sometimes,"Watch the full video, Read comments",Relief from understanding myself,If they mention scientific sources,Yes,Did nothing,4,No,No,3
3/15/2026 22:21,18-24,"Instagram, YouTube, Facebook",Less than 1 hour,No,3,"ADHD, Depression, Anxiety",Sometimes,Watch the full video,Relief from understanding myself,If they mention scientific sources,No,Did nothing,4,No,No,3
3/15/2026 22:21,18-24,"TikTok, YouTube",More than 5 hours,Sometimes,1,"ADHD, Depression, Other",Sometimes,Watch the full video,Confusion,Based on a convincing personal experience,Yes,Did nothing,3,No,No,5
3/15/2026 22:23,18-24,"Instagram, YouTube",3-5 hours,Always,3,"ADHD, Autism, Depression",Sometimes,"Watch the full video, Like the video, Save the video",Relief from understanding myself,If they mention scientific sources,Yes,Did nothing,4,No,No,4
3/15/2026 22:23,18-24,TikTok,3-5 hours,Sometimes,3,"ADHD, Depression, Anxiety, Bipolar Disorder",Sometimes,"Watch the full video, Save the video",Anxiety and stress,Based on a convincing personal experience,Yes,Did nothing,5,No,No,4
3/15/2026 22:24,18-24,"TikTok, Instagram, YouTube, X (Twitter), Reddit, Facebook",More than 5 hours,No,3,"ADHD, Autism, Depression, Anxiety",Sometimes,Skip it,Doubt and disbelief,I don't verify the information,Yes,Did nothing,1,No,No,4
3/15/2026 22:24,18-24,"TikTok, Instagram, YouTube",1-3 hours,Sometimes,1,"ADHD, Depression, Bipolar Disorder",Sometimes,Skip it,Doubt and disbelief,If they mention scientific sources,No,Did nothing,3,No,No,4
3/15/2026 22:24,18-24,"Instagram, YouTube, Facebook",1-3 hours,No,1,"Autism, Depression, Anxiety",No,"Watch the full video, Read comments",Relief from understanding myself,Based on a convincing personal experience,Yes,Tried self-treatment,1,No,No,3
3/15/2026 22:27,18-24,"YouTube, Facebook",3-5 hours,No,1,"Anxiety, Other",Sometimes,"Watch the full video, Like the video, Save the video, Read comments",Anxiety and stress,If they mention scientific sources,Yes,Did nothing,3,No,No,3
3/15/2026 22:32,18-24,"TikTok, Instagram",3-5 hours,Sometimes,2,"ADHD, Depression, Anxiety","Yes, constantly",Watch the full video,Confusion,If they are a specialized doctor,Yes,Did nothing,4,No,No,3
3/15/2026 22:34,18-24,"YouTube, Facebook",1-3 hours,Sometimes,3,"ADHD, Autism",No,Watch the full video,Doubt and disbelief,If they mention scientific sources,Yes,Did nothing,4,No,No,4
3/15/2026 22:34,18-24,"Instagram, YouTube",1-3 hours,No,2,"Depression, Anxiety",Sometimes,Watch the full video,Doubt and disbelief,If they are a specialized doctor,No,Did nothing,3,No,No,5
3/15/2026 22:35,18-24,"YouTube, X (Twitter), Reddit, Facebook",1-3 hours,Sometimes,3,"Depression, Anxiety, Digestive Issues","Yes, constantly","Watch the full video, Like the video, Save the video, Read comments",Anxiety and stress,Based on a convincing personal experience,No,Did nothing,5,No,No,5
3/15/2026 22:42,18-24,"Instagram, YouTube, Reddit, Facebook",1-3 hours,Sometimes,2,"ADHD, Depression, Anxiety",Sometimes,Watch the full video,Anxiety and stress,If they are a specialized doctor,No,Did nothing,4,No,No,4
3/15/2026 22:50,18-24,"Instagram, YouTube, Facebook",1-3 hours,Sometimes,3,"ADHD, Depression, Anxiety",Sometimes,Watch the full video,Confusion,If they mention scientific sources,No,Did nothing,5,No,No,5
3/15/2026 22:52,18-24,YouTube,1-3 hours,Always,2,ADHD,"Yes, constantly",Watch the full video,Relief from understanding myself,If they mention scientific sources,Yes,Tried self-treatment,3,No,No,5
3/15/2026 22:54,18-24,"Instagram, YouTube, Facebook",1-3 hours,Sometimes,2,"ADHD, Anxiety, Digestive Issues",Sometimes,Save the video,Relief from understanding myself,If they are a specialized doctor,No,Did nothing,4,No,No,5
3/15/2026 22:59,45 or older,"YouTube, Facebook",1-3 hours,No,3,ADHD,Sometimes,Skip it,Confusion,I don't verify the information,No,Did nothing,5,No,No,5
3/15/2026 23:01,18-24,"Instagram, YouTube, X (Twitter), Reddit, Facebook",3-5 hours,No,3,"Depression, Anxiety",Sometimes,Watch the full video,Relief from understanding myself,Based on a convincing personal experience,Yes,Tried self-treatment,3,No,No,3
3/15/2026 23:10,18-24,"Instagram, YouTube",1-3 hours,Always,2,"ADHD, Depression, Digestive Issues",Sometimes,Watch the full video,Doubt and disbelief,If they are a specialized doctor,No,Did nothing,3,No,No,3
3/15/2026 23:15,18-24,"TikTok, Instagram, X (Twitter), Facebook",1-3 hours,No,2,Anxiety,Sometimes,Skip it,Doubt and disbelief,If they mention scientific sources,No,Did nothing,5,No,No,4
3/15/2026 23:21,18-24,TikTok,More than 5 hours,Always,1,Depression,"Yes, constantly",Skip it,Doubt and disbelief,I don't verify the information,No,Did nothing,5,No,No,5
3/15/2026 23:23,45 or older,Facebook,1-3 hours,Sometimes,3,Anxiety,"Yes, constantly",Watch the full video,Relief from understanding myself,If they are a specialized doctor,Yes,Tried self-treatment,5,No,No,4
3/15/2026 23:24,25-34,"Instagram, YouTube, X (Twitter)",1-3 hours,Sometimes,2,"ADHD, Anxiety, Digestive Issues",Sometimes,"Watch the full video, Save the video, Read comments",Confusion,If they mention scientific sources,No,Did nothing,4,No,No,4
3/15/2026 23:28,18-24,"Instagram, YouTube, Facebook",More than 5 hours,No,1,"ADHD, Depression, Anxiety",No,Skip it,Doubt and disbelief,If they are a specialized doctor,No,Did nothing,4,No,No,4
3/15/2026 23:45,18-24,Instagram,1-3 hours,Always,1,Other,Sometimes,Save the video,Doubt and disbelief,I don't verify the information,No,Did nothing,5,No,No,3
3/15/2026 23:46,18-24,"TikTok, Instagram",More than 5 hours,No,1,Other,Sometimes,"Watch the full video, Skip it",Relief from understanding myself,If they mention scientific sources,Yes,Did nothing,3,No,No,3
3/15/2026 23:46,18-24,TikTok,1-3 hours,Sometimes,2,"ADHD, Depression, Bipolar Disorder",Sometimes,Like the video,Relief from understanding myself,Based on a convincing personal experience,Yes,Did nothing,2,No,No,5
3/15/2026 23:46,18-24,Facebook,3-5 hours,No,1,ADHD,No,Skip it,Confusion,Based on a convincing personal experience,Yes,Did nothing,5,No,No,4
3/15/2026 23:47,18-24,"TikTok, Instagram, YouTube, Facebook",1-3 hours,Sometimes,1,"Depression, Anxiety, Other",Sometimes,Read comments,Doubt and disbelief,If they mention scientific sources,No,Did nothing,1,No,No,4
3/15/2026 23:48,18-24,TikTok,More than 5 hours,No,5,"Autism, Depression",No,"Watch the full video, Read comments",Relief from understanding myself,If they mention scientific sources,Yes,Did nothing,5,No,No,5
3/15/2026 23:48,18-24,TikTok,1-3 hours,No,2,Depression,No,Watch the full video,Confusion,Based on a convincing personal experience,Yes,Consulted a specialist,4,No,No,4
3/15/2026 23:48,18-24,Instagram,More than 5 hours,Always,5,ADHD,"Yes, constantly",Watch the full video,Relief from understanding myself,If they are a specialized doctor,Yes,Consulted a specialist,3,No,No,5
3/15/2026 23:49,18-24,"TikTok, Instagram, Facebook",More than 5 hours,Always,3,"ADHD, Depression, Anxiety, Digestive Issues, Other","Yes, constantly","Watch the full video, Read comments",Confusion,If they are a specialized doctor,Yes,Did nothing,3,No,No,4
3/15/2026 23:49,18-24,"Instagram, X (Twitter), Facebook",1-3 hours,No,3,"ADHD, Depression, Anxiety, Other",Sometimes,Watch the full video,Relief from understanding myself,If they mention scientific sources,Yes,Consulted a specialist,5,No,No,5
3/15/2026 23:50,18-24,TikTok,More than 5 hours,Sometimes,1,Anxiety,"Yes, constantly",Watch the full video,Relief from understanding myself,If they are a specialized doctor,Yes,Consulted a specialist,2,No,No,4
3/15/2026 23:50,18-24,Instagram,3-5 hours,No,1,"Depression, Digestive Issues",Sometimes,"Watch the full video, Save the video, Read comments",Anxiety and stress,I don't verify the information,Yes,Tried self-treatment,4,No,No,4
3/15/2026 23:51,18-24,"TikTok, Instagram, YouTube",More than 5 hours,Sometimes,3,"ADHD, Depression","Yes, constantly","Watch the full video, Read comments",Confusion,If they are a specialized doctor,Yes,Tried self-treatment,3,No,No,3
3/15/2026 23:51,25-34,"Instagram, Facebook",1-3 hours,No,4,"Depression, Anxiety",Sometimes,Watch the full video,Relief from understanding myself,Based on a convincing personal experience,Yes,Consulted a specialist,3,No,No,3
3/15/2026 23:51,18-24,"Instagram, YouTube",More than 5 hours,No,1,"ADHD, Depression",No,Watch the full video,Relief from understanding myself,Based on a convincing personal experience,No,Did nothing,3,No,No,4
3/15/2026 23:52,18-24,TikTok,3-5 hours,Sometimes,1,Other,Sometimes,Watch the full video,Relief from understanding myself,If they mention scientific sources,Yes,Did nothing,3,No,No,4
3/15/2026 23:54,18-24,Instagram,More than 5 hours,Sometimes,1,Other,Sometimes,Watch the full video,Confusion,Based on a convincing personal experience,No,Did nothing,2,No,No,4
3/15/2026 23:58,18-24,"TikTok, Instagram",Less than 1 hour,Sometimes,3,Autism,"Yes, constantly",Save the video,Confusion,Based on a convincing personal experience,No,Started labeling myself without a doctor,4,No,No,3
3/16/2026 0:03,18-24,"TikTok, Instagram, YouTube",1-3 hours,Sometimes,3,Other,Sometimes,Other,Anxiety and stress,If they mention scientific sources,Yes,Tried self-treatment,1,No,No,5
3/16/2026 0:07,18-24,Instagram,3-5 hours,No,2,Other,Sometimes,Watch the full video,Relief from understanding myself,If they are a specialized doctor,No,Did nothing,1,No,No,4
3/16/2026 0:12,18-24,Instagram,3-5 hours,Sometimes,3,Digestive Issues,"Yes, constantly",Read comments,Anxiety and stress,If they are a specialized doctor,Yes,Tried self-treatment,2,No,No,5
3/16/2026 0:19,18-24,"TikTok, Instagram",3-5 hours,Sometimes,3,"ADHD, Depression, Digestive Issues, Other","Yes, constantly","Watch the full video, Read comments",Confusion,If they are a specialized doctor,No,Did nothing,5,No,No,5
3/16/2026 0:22,18-24,Facebook,1-3 hours,Sometimes,3,ADHD,Sometimes,"Watch the full video, Like the video",Confusion,If they are a specialized doctor,Yes,Did nothing,5,No,No,5
3/16/2026 0:23,18-24,"TikTok, Instagram, Facebook",1-3 hours,Sometimes,1,Other,"Yes, constantly","Watch the full video, Read comments",Anxiety and stress,If they are a specialized doctor,Yes,Started labeling myself without a doctor,5,No,No,5
3/16/2026 0:26,18-24,"Instagram, Facebook",3-5 hours,Sometimes,1,"ADHD, Depression",Sometimes,Watch the full video,Doubt and disbelief,I don't verify the information,Yes,Did nothing,3,No,No,5
3/16/2026 0:30,18-24,TikTok,1-3 hours,Always,4,"ADHD, Other",Sometimes,Watch the full video,Confusion,If they are a specialized doctor,Yes,Did nothing,2,No,No,3
3/16/2026 0:30,Other,"YouTube, Facebook",1-3 hours,Sometimes,1,"Depression, Anxiety",Sometimes,"Watch the full video, Read comments",Relief from understanding myself,Based on a convincing personal experience,Yes,Did nothing,4,No,No,4
3/16/2026 0:31,18-24,Instagram,More than 5 hours,Always,3,Anxiety,"Yes, constantly",Watch the full video,Relief from understanding myself,If they are a specialized doctor,Yes,Consulted a specialist,4,No,No,3
3/16/2026 0:52,18-24,YouTube,1-3 hours,Sometimes,1,Other,No,Watch the full video,Relief from understanding myself,I don't verify the information,No,Did nothing,1,No,No,4
3/16/2026 1:04,18-24,"TikTok, Instagram",More than 5 hours,Sometimes,3,"Autism, Depression",Sometimes,Watch the full video,Confusion,If they are a specialized doctor,No,Did nothing,5,No,No,4
3/16/2026 1:47,18-24,TikTok,3-5 hours,No,3,"ADHD, Autism",No,"Watch the full video, Like the video",Anxiety and stress,If they are a specialized doctor,No,Did nothing,4,No,No,3
3/16/2026 1:48,18-24,"TikTok, X (Twitter), Facebook",More than 5 hours,No,2,"ADHD, Depression",Sometimes,Other,Doubt and disbelief,If they mention scientific sources,Yes,Did nothing,5,No,No,3
3/16/2026 1:55,18-24,"TikTok, YouTube, X (Twitter), Facebook",1-3 hours,Sometimes,1,"Autism, Depression, Anxiety","Yes, constantly",Watch the full video,Relief from understanding myself,If they are a specialized doctor,No,Did nothing,1,No,No,4
3/16/2026 2:07,18-24,Facebook,More than 5 hours,Sometimes,1,Other,No,Watch the full video,Relief from understanding myself,I don't verify the information,No,Did nothing,1,No,No,5
3/16/2026 2:19,18-24,Facebook,1-3 hours,Sometimes,3,Other,"Yes, constantly",Other,Doubt and disbelief,If they are a specialized doctor,Yes,Did nothing,1,No,No,4
3/16/2026 2:23,18-24,"Instagram, Facebook",3-5 hours,Sometimes,3,Other,Sometimes,"Watch the full video, Read comments",Relief from understanding myself,If they mention scientific sources,No,Did nothing,1,No,No,3
3/16/2026 2:24,18-24,"TikTok, Instagram",3-5 hours,Always,2,"ADHD, Autism, Depression, Anxiety",No,"Watch the full video, Save the video",Confusion,If they are a specialized doctor,Yes,Started labeling myself without a doctor,2,No,No,5
3/16/2026 2:25,18-24,"TikTok, YouTube, X (Twitter), Facebook",3-5 hours,Sometimes,3,"ADHD, Depression",Sometimes,Other,Anxiety and stress,If they are a specialized doctor,Yes,Did nothing,3,No,No,4
3/16/2026 2:39,18-24,"TikTok, Instagram, Facebook",3-5 hours,Sometimes,1,"ADHD, Autism, Depression, Anxiety, Digestive Issues",Sometimes,Other,Relief from understanding myself,If they mention scientific sources,Yes,Tried self-treatment,5,No,No,4
3/16/2026 2:46,18-24,YouTube,3-5 hours,Sometimes,2,"ADHD, Autism, Depression, Anxiety, Bipolar Disorder, Other",Sometimes,Watch the full video,Confusion,I don't verify the information,No,Did nothing,4,No,No,3
3/16/2026 2:59,18-24,"TikTok, Instagram, Facebook",3-5 hours,Sometimes,2,"Depression, Anxiety",Sometimes,Watch the full video,Anxiety and stress,I don't verify the information,Yes,Did nothing,3,No,No,3
3/16/2026 3:04,35-44,"Instagram, YouTube, X (Twitter), Facebook",1-3 hours,No,4,"ADHD, Digestive Issues, Other",Sometimes,Other,Confusion,If they are a specialized doctor,Yes,Consulted a specialist,4,No,No,4
3/16/2026 3:22,18-24,"YouTube, Facebook",3-5 hours,Sometimes,1,Other,Sometimes,Watch the full video,Relief from understanding myself,If they mention scientific sources,No,Did nothing,3,No,No,3
3/16/2026 3:40,18-24,"TikTok, Instagram, Facebook",1-3 hours,No,2,Other,No,"Save the video, Read comments",Relief from understanding myself,Based on follower count,Yes,Tried self-treatment,1,No,No,4
3/16/2026 4:02,18-24,"TikTok, Instagram",More than 5 hours,Always,2,Other,Sometimes,Other,Confusion,If they are a specialized doctor,Yes,Consulted a specialist,5,No,No,5
3/16/2026 4:07,18-24,"Instagram, Facebook",3-5 hours,Sometimes,2,"Depression, Anxiety, Digestive Issues","Yes, constantly",Watch the full video,Relief from understanding myself,If they are a specialized doctor,No,Did nothing,3,No,No,5
3/16/2026 4:33,18-24,Instagram,3-5 hours,Sometimes,2,Depression,Sometimes,Watch the full video,Confusion,Based on a convincing personal experience,Yes,Tried self-treatment,4,No,No,4
3/16/2026 4:34,18-24,Facebook,3-5 hours,Sometimes,1,Depression,Sometimes,Read comments,Relief from understanding myself,Based on a convincing personal experience,Yes,Did nothing,3,No,No,3
3/16/2026 4:40,18-24,Facebook,More than 5 hours,No,1,Depression,Sometimes,Watch the full video,Confusion,I don't verify the information,No,Did nothing,1,No,No,4
3/16/2026 4:40,18-24,TikTok,3-5 hours,Sometimes,1,Other,Sometimes,Watch the full video,Relief from understanding myself,Based on a convincing personal experience,Yes,Did nothing,3,No,No,3
3/16/2026 4:41,18-24,Facebook,3-5 hours,Sometimes,3,Other,Sometimes,Other,Confusion,If they are a specialized doctor,Yes,Consulted a specialist,3,No,No,5
3/16/2026 4:42,18-24,TikTok,3-5 hours,Sometimes,1,Depression,Sometimes,Watch the full video,Confusion,If they are a specialized doctor,No,Did nothing,1,No,No,5
3/16/2026 4:44,18-24,Instagram,1-3 hours,Sometimes,2,ADHD,"Yes, constantly",Other,Relief from understanding myself,If they are a specialized doctor,Yes,Tried self-treatment,1,No,No,3
3/16/2026 4:45,18-24,Instagram,1-3 hours,No,3,"ADHD, Depression, Digestive Issues","Yes, constantly",Save the video,Doubt and disbelief,Based on a convincing personal experience,Yes,Did nothing,5,No,No,5
3/16/2026 4:55,18-24,Reddit,1-3 hours,No,2,Anxiety,No,Skip it,Doubt and disbelief,If they are a specialized doctor,No,Did nothing,2,No,No,4
3/16/2026 4:55,18-24,"Instagram, Facebook",1-3 hours,No,2,"ADHD, Depression",Sometimes,Skip it,Doubt and disbelief,I don't verify the information,No,Did nothing,4,No,No,4
3/16/2026 5:07,18-24,YouTube,1-3 hours,Always,1,Other,No,Other,Relief from understanding myself,If they are a specialized doctor,No,Did nothing,1,No,No,3
3/16/2026 5:09,18-24,Facebook,3-5 hours,Always,1,Anxiety,No,"Watch the full video, Read comments",Confusion,If they are a specialized doctor,Yes,Consulted a specialist,2,No,No,3
3/16/2026 5:10,18-24,Instagram,3-5 hours,Sometimes,4,"ADHD, Autism, Depression, Anxiety, Other","Yes, constantly",Save the video,Confusion,I don't verify the information,Yes,Tried self-treatment,5,No,No,4
3/16/2026 5:15,18-24,"TikTok, Instagram, YouTube, Facebook",More than 5 hours,No,1,Depression,Sometimes,"Watch the full video, Read comments",Confusion,Based on follower count,Yes,Did nothing,5,No,No,5
3/16/2026 5:15,18-24,"TikTok, Instagram, YouTube, Facebook",1-3 hours,No,3,"ADHD, Depression, Digestive Issues",Sometimes,Other,Confusion,If they mention scientific sources,Yes,Consulted a specialist,4,No,No,3
3/16/2026 5:20,18-24,YouTube,1-3 hours,Sometimes,5,ADHD,Sometimes,Skip it,Confusion,I don't verify the information,Yes,Did nothing,3,No,No,3
3/16/2026 5:22,18-24,Instagram,3-5 hours,Always,4,ADHD,Sometimes,Watch the full video,Confusion,If they are a specialized doctor,No,Tried self-treatment,3,No,No,3
3/16/2026 5:33,18-24,TikTok,1-3 hours,Always,1,ADHD,Sometimes,Watch the full video,Confusion,If they are a specialized doctor,Yes,Did nothing,3,No,No,3
3/16/2026 5:53,18-24,"YouTube, Facebook",Less than 1 hour,Sometimes,3,"Depression, Anxiety",Sometimes,Watch the full video,Relief from understanding myself,If they are a specialized doctor,Yes,Tried self-treatment,3,No,No,3
3/16/2026 6:07,18-24,"TikTok, YouTube",1-3 hours,Always,3,"ADHD, Autism, Depression, Anxiety, Digestive Issues","Yes, constantly",Skip it,Doubt and disbelief,I don't verify the information,No,Did nothing,5,No,No,5
3/16/2026 6:54,18-24,YouTube,1-3 hours,Sometimes,3,"ADHD, Depression, Anxiety, Digestive Issues",Sometimes,Save the video,Relief from understanding myself,Based on a convincing personal experience,Yes,Tried self-treatment,5,No,No,3
3/16/2026 7:19,18-24,Facebook,More than 5 hours,Sometimes,1,Other,Sometimes,Read comments,Doubt and disbelief,Based on a convincing personal experience,Yes,Did nothing,4,No,No,5
3/16/2026 7:31,18-24,"Instagram, YouTube, Reddit, Facebook",1-3 hours,No,2,"ADHD, Autism, Depression, Anxiety",No,Skip it,Confusion,I don't verify the information,No,Did nothing,5,No,No,4
3/16/2026 8:03,45 or older,Facebook,More than 5 hours,Sometimes,5,Digestive Issues,"Yes, constantly",Watch the full video,Relief from understanding myself,If they are a specialized doctor,Yes,Did nothing,5,No,No,5
3/16/2026 8:27,18-24,TikTok,Less than 1 hour,Sometimes,1,Depression,"Yes, constantly",Watch the full video,Relief from understanding myself,If they mention scientific sources,Yes,Tried self-treatment,5,No,No,3
3/16/2026 8:36,18-24,"TikTok, Instagram, YouTube, Facebook",3-5 hours,No,2,Other,No,"Watch the full video, Read comments, Skip it",Doubt and disbelief,If they are a specialized doctor,No,Did nothing,4,No,No,5
3/16/2026 8:52,18-24,"Instagram, Facebook",3-5 hours,No,3,"Depression, Anxiety",No,Other,Doubt and disbelief,If they are a specialized doctor,No,Did nothing,4,No,No,5
3/16/2026 9:03,45 or older,Facebook,Less than 1 hour,Always,4,"ADHD, Autism, Depression, Anxiety, Digestive Issues",Sometimes,Other,Confusion,If they are a specialized doctor,No,Did nothing,4,No,No,3
3/16/2026 9:11,18-24,"TikTok, Instagram, YouTube, Facebook",3-5 hours,Sometimes,3,"ADHD, Depression, Anxiety",Sometimes,"Watch the full video, Save the video, Read comments",Confusion,If they mention scientific sources,Yes,Did nothing,3,No,No,3
3/16/2026 9:16,18-24,"TikTok, Instagram, YouTube, Facebook",More than 5 hours,Sometimes,3,Other,"Yes, constantly",Skip it,Relief from understanding myself,If they mention scientific sources,Yes,Did nothing,2,No,No,4
3/16/2026 9:29,18-24,Facebook,3-5 hours,Sometimes,2,"Autism, Depression",Sometimes,Watch the full video,Confusion,If they mention scientific sources,Yes,Tried self-treatment,1,No,No,4
3/16/2026 9:46,18-24,Instagram,1-3 hours,Sometimes,3,Depression,Sometimes,"Like the video, Read comments",Confusion,I don't verify the information,No,Did nothing,4,No,No,4
3/16/2026 9:48,18-24,YouTube,1-3 hours,Sometimes,4,"ADHD, Autism, Depression, Anxiety, Bipolar Disorder",No,Save the video,Relief from understanding myself,Based on follower count,Yes,Started labeling myself without a doctor,4,No,No,3
3/16/2026 10:10,18-24,"Instagram, Facebook",Less than 1 hour,No,1,"ADHD, Autism",Sometimes,Other,Confusion,If they are a specialized doctor,No,Did nothing,4,No,No,4
3/16/2026 10:13,18-24,Instagram,3-5 hours,Sometimes,3,Anxiety,No,Read comments,Confusion,If they are a specialized doctor,Yes,Did nothing,3,No,No,3
3/16/2026 10:20,18-24,"Instagram, YouTube",1-3 hours,Sometimes,2,"Depression, Other",No,Watch the full video,Confusion,Based on a convincing personal experience,No,Consulted a specialist,3,No,No,4
3/16/2026 10:23,18-24,TikTok,1-3 hours,No,2,Depression,"Yes, constantly",Watch the full video,Relief from understanding myself,If they mention scientific sources,No,Consulted a specialist,3,No,No,4
3/16/2026 10:38,18-24,YouTube,1-3 hours,Sometimes,1,"ADHD, Depression",No,Other,Confusion,If they are a specialized doctor,Yes,Did nothing,4,No,No,4
3/16/2026 10:39,18-24,"TikTok, Instagram, YouTube",3-5 hours,Always,2,"Depression, Digestive Issues",Sometimes,"Watch the full video, Read comments",Confusion,If they are a specialized doctor,No,Tried self-treatment,2,No,No,3
3/16/2026 10:57,18-24,"TikTok, Instagram",3-5 hours,Always,1,Other,Sometimes,Other,Confusion,If they are a specialized doctor,No,Did nothing,2,No,No,4
3/16/2026 11:11,18-24,Instagram,3-5 hours,Sometimes,4,Digestive Issues,Sometimes,Read comments,Doubt and disbelief,If they are a specialized doctor,No,Consulted a specialist,1,No,No,4
3/16/2026 11:19,18-24,Instagram,1-3 hours,Sometimes,3,Depression,Sometimes,Watch the full video,Relief from understanding myself,If they are a specialized doctor,Yes,Did nothing,3,No,No,3
3/16/2026 11:20,18-24,Facebook,Less than 1 hour,No,1,Depression,Sometimes,Watch the full video,Relief from understanding myself,Based on a convincing personal experience,Yes,Started labeling myself without a doctor,5,No,No,3
3/16/2026 11:25,18-24,Facebook,1-3 hours,Sometimes,1,ADHD,No,Read comments,Doubt and disbelief,If they are a specialized doctor,No,Did nothing,5,No,No,3
3/16/2026 11:27,18-24,"TikTok, Instagram",More than 5 hours,Sometimes,1,"Depression, Anxiety",Sometimes,Other,Relief from understanding myself,If they mention scientific sources,Yes,Did nothing,3,No,No,3
3/16/2026 11:31,18-24,Facebook,1-3 hours,No,2,Depression,"Yes, constantly",Skip it,Relief from understanding myself,If they mention scientific sources,Yes,Did nothing,3,No,No,4
3/16/2026 11:37,18-24,YouTube,Less than 1 hour,No,1,Depression,No,Skip it,Confusion,If they are a specialized doctor,No,Did nothing,5,No,No,3
3/16/2026 11:40,18-24,Instagram,1-3 hours,Sometimes,4,Depression,"Yes, constantly",Skip it,Doubt and disbelief,If they mention scientific sources,No,Did nothing,5,No,No,5
3/16/2026 11:43,18-24,"TikTok, Instagram, YouTube, Facebook",1-3 hours,Sometimes,2,"Depression, Other",Sometimes,"Watch the full video, Save the video",Anxiety and stress,I don't verify the information,No,Did nothing,2,No,No,3
3/16/2026 11:43,18-24,Facebook,1-3 hours,No,1,Digestive Issues,No,Other,Doubt and disbelief,If they mention scientific sources,No,Consulted a specialist,5,No,No,5
3/16/2026 11:49,18-24,"TikTok, Instagram, Facebook",1-3 hours,Always,3,"Autism, Depression",No,"Watch the full video, Like the video, Read comments",Relief from understanding myself,Based on follower count,Yes,Did nothing,1,No,No,5
3/16/2026 12:02,18-24,Instagram,1-3 hours,Sometimes,4,Depression,Sometimes,Watch the full video,Relief from understanding myself,If they are a specialized doctor,Yes,Did nothing,2,No,No,4
3/16/2026 12:29,18-24,"YouTube, Facebook",3-5 hours,Sometimes,3,"Autism, Depression, Anxiety, Digestive Issues, Other",No,"Watch the full video, Like the video, Read comments",Relief from understanding myself,If they are a specialized doctor,Yes,Started labeling myself without a doctor,1,No,No,4
3/16/2026 12:33,18-24,Facebook,1-3 hours,No,1,Depression,Sometimes,Other,Relief from understanding myself,If they mention scientific sources,No,Did nothing,4,No,No,4
3/16/2026 12:52,18-24,TikTok,1-3 hours,Sometimes,2,Depression,"Yes, constantly",Watch the full video,Relief from understanding myself,If they are a specialized doctor,No,Did nothing,3,No,No,4
3/16/2026 12:57,Other,"TikTok, Instagram, YouTube",1-3 hours,Sometimes,3,"ADHD, Depression, Anxiety, Bipolar Disorder","Yes, constantly","Watch the full video, Read comments",Confusion,If they are a specialized doctor,No,Did nothing,5,No,No,4
3/16/2026 12:59,18-24,"TikTok, Instagram, YouTube, Facebook",3-5 hours,No,5,"Depression, Anxiety","Yes, constantly",Other,Confusion,If they are a specialized doctor,No,Consulted a specialist,4,No,No,4
3/16/2026 13:14,18-24,YouTube,Less than 1 hour,Sometimes,5,"Depression, Anxiety, Bipolar Disorder","Yes, constantly","Watch the full video, Save the video",Relief from understanding myself,Based on a convincing personal experience,Yes,Did nothing,5,No,No,4
3/16/2026 13:16,18-24,Instagram,1-3 hours,Sometimes,3,"ADHD, Depression",Sometimes,Other,Relief from understanding myself,If they are a specialized doctor,No,Did nothing,1,No,No,4
3/16/2026 13:23,18-24,"YouTube, Facebook",More than 5 hours,No,1,Depression,Sometimes,"Watch the full video, Read comments",Doubt and disbelief,Based on a convincing personal experience,No,Did nothing,1,No,No,3
3/16/2026 13:32,18-24,TikTok,3-5 hours,Sometimes,5,Other,Sometimes,Watch the full video,Relief from understanding myself,If they mention scientific sources,Yes,Started labeling myself without a doctor,4,No,No,5
3/16/2026 13:35,18-24,"YouTube, Facebook",1-3 hours,Sometimes,5,"ADHD, Autism, Depression, Anxiety, Bipolar Disorder",Sometimes,Other,Anxiety and stress,If they are a specialized doctor,No,Did nothing,5,No,No,4
3/16/2026 13:39,Other,Facebook,Less than 1 hour,No,1,Other,No,Skip it,Relief from understanding myself,If they mention scientific sources,No,Did nothing,1,No,No,3
3/16/2026 13:39,Other,YouTube,Less than 1 hour,No,2,Other,Sometimes,Read comments,Relief from understanding myself,If they mention scientific sources,No,Did nothing,1,No,No,5
3/16/2026 13:57,18-24,"TikTok, YouTube",More than 5 hours,Sometimes,3,"Depression, Other",Sometimes,"Watch the full video, Read comments",Confusion,If they are a specialized doctor,Yes,Did nothing,4,No,No,4
3/16/2026 14:03,18-24,"YouTube, Facebook",3-5 hours,No,1,"ADHD, Depression",Sometimes,Watch the full video,Anxiety and stress,If they are a specialized doctor,Yes,Did nothing,4,No,No,4
3/16/2026 14:39,18-24,YouTube,1-3 hours,No,2,Depression,Sometimes,Other,Doubt and disbelief,If they are a specialized doctor,No,Did nothing,5,No,No,3
3/16/2026 14:40,18-24,"TikTok, Facebook",More than 5 hours,Always,4,"ADHD, Depression, Digestive Issues",Sometimes,Other,Confusion,If they are a specialized doctor,Yes,Did nothing,5,No,No,4
3/16/2026 14:58,18-24,Facebook,1-3 hours,Sometimes,2,Digestive Issues,Sometimes,Save the video,Relief from understanding myself,If they are a specialized doctor,No,Did nothing,2,No,No,4
3/16/2026 15:07,18-24,TikTok,3-5 hours,Sometimes,1,Other,No,Watch the full video,Relief from understanding myself,If they are a specialized doctor,No,Did nothing,1,No,No,5
3/16/2026 15:11,18-24,Facebook,3-5 hours,Sometimes,3,Depression,"Yes, constantly","Watch the full video, Like the video, Read comments",Relief from understanding myself,If they are a specialized doctor,No,Did nothing,3,No,No,5
3/16/2026 15:16,18-24,Facebook,1-3 hours,No,1,ADHD,"Yes, constantly",Watch the full video,Relief from understanding myself,Based on a convincing personal experience,No,Did nothing,2,No,No,5
3/16/2026 15:18,18-24,Instagram,3-5 hours,Sometimes,1,Depression,No,Watch the full video,Relief from understanding myself,I don't verify the information,Yes,Tried self-treatment,3,No,No,5
3/16/2026 15:23,18-24,Facebook,Less than 1 hour,Sometimes,2,ADHD,Sometimes,Watch the full video,Relief from understanding myself,If they mention scientific sources,No,Did nothing,4,No,No,4
3/16/2026 15:33,18-24,Instagram,3-5 hours,Sometimes,1,"ADHD, Depression","Yes, constantly",Watch the full video,Doubt and disbelief,If they are a specialized doctor,No,Did nothing,5,No,No,3
3/16/2026 15:42,18-24,Facebook,1-3 hours,No,1,Other,No,Save the video,Relief from understanding myself,If they are a specialized doctor,No,Did nothing,1,No,No,3
3/16/2026 15:52,18-24,"TikTok, Instagram, YouTube",1-3 hours,Sometimes,2,"ADHD, Depression",Sometimes,"Watch the full video, Read comments",Relief from understanding myself,I don't verify the information,No,Did nothing,2,No,No,4
3/16/2026 15:59,18-24,TikTok,Less than 1 hour,Sometimes,1,Other,Sometimes,Watch the full video,Confusion,If they are a specialized doctor,No,Did nothing,1,No,No,4
3/16/2026 16:01,18-24,"TikTok, Instagram, YouTube, Facebook",More than 5 hours,No,2,Other,No,Watch the full video,Relief from understanding myself,If they are a specialized doctor,No,Did nothing,3,No,No,5
3/16/2026 16:18,18-24,"TikTok, Instagram",More than 5 hours,Always,5,Depression,Sometimes,"Watch the full video, Like the video, Save the video, Read comments",Relief from understanding myself,Based on follower count,Yes,Started labeling myself without a doctor,5,No,No,3
3/16/2026 16:18,18-24,"TikTok, Instagram",More than 5 hours,Always,3,"ADHD, Autism, Depression",Sometimes,"Watch the full video, Like the video, Save the video, Read comments",Relief from understanding myself,Based on follower count,Yes,Started labeling myself without a doctor,5,No,No,4
3/16/2026 16:49,35-44,Facebook,Less than 1 hour,Sometimes,3,"ADHD, Autism, Depression, Anxiety, Digestive Issues",Sometimes,Skip it,Doubt and disbelief,If they mention scientific sources,No,Did nothing,5,No,No,3
3/16/2026 16:55,18-24,Facebook,1-3 hours,Sometimes,1,Depression,"Yes, constantly",Other,Doubt and disbelief,I don't verify the information,No,Did nothing,4,No,No,4
3/16/2026 17:16,45 or older,"TikTok, Instagram, YouTube, Facebook",1-3 hours,Sometimes,3,"ADHD, Autism, Depression, Digestive Issues","Yes, constantly",Watch the full video,Confusion,If they are a specialized doctor,Yes,Consulted a specialist,5,No,No,4
3/16/2026 17:26,18-24,Instagram,1-3 hours,Sometimes,2,"ADHD, Depression",Sometimes,Watch the full video,Relief from understanding myself,If they are a specialized doctor,No,Did nothing,5,No,No,3
3/16/2026 17:26,18-24,"TikTok, Instagram, YouTube, X (Twitter), Reddit, Facebook",3-5 hours,Sometimes,1,Other,No,Watch the full video,Relief from understanding myself,If they mention scientific sources,No,Did nothing,5,No,No,4
3/16/2026 17:47,45 or older,Instagram,Less than 1 hour,No,2,"Autism, Other",Sometimes,Like the video,Doubt and disbelief,If they mention scientific sources,No,Did nothing,2,No,No,3
3/16/2026 19:42,18-24,TikTok,1-3 hours,Sometimes,4,Digestive Issues,Sometimes,Other,Doubt and disbelief,Based on a convincing personal experience,No,Did nothing,2,No,No,5
3/16/2026 21:00,18-24,"TikTok, Instagram",Less than 1 hour,Sometimes,3,"ADHD, Depression, Anxiety, Bipolar Disorder",Sometimes,"Read comments, Skip it",Confusion,If they mention scientific sources,No,Did nothing,5,No,No,3
3/16/2026 21:16,18-24,Facebook,1-3 hours,Sometimes,3,Depression,Sometimes,Watch the full video,Anxiety and stress,Based on a convincing personal experience,No,Did nothing,3,No,No,5
3/16/2026 21:18,18-24,YouTube,1-3 hours,Always,3,Depression,Sometimes,Other,Relief from understanding myself,If they are a specialized doctor,Yes,Tried self-treatment,2,No,No,4
3/16/2026 21:22,18-24,TikTok,1-3 hours,No,1,ADHD,No,Watch the full video,Relief from understanding myself,If they mention scientific sources,No,Tried self-treatment,2,No,No,3
3/16/2026 22:13,18-24,Instagram,1-3 hours,Sometimes,1,Other,Sometimes,Watch the full video,Confusion,I don't verify the information,No,Did nothing,5,No,No,4
3/16/2026 22:20,18-24,TikTok,3-5 hours,Always,1,Depression,Sometimes,Watch the full video,Relief from understanding myself,I don't verify the information,Yes,Did nothing,1,No,No,3
3/16/2026 22:23,18-24,YouTube,More than 5 hours,Always,5,Depression,"Yes, constantly","Watch the full video, Like the video, Save the video, Read comments",Relief from understanding myself,I don't verify the information,Yes,Did nothing,1,No,No,5
3/16/2026 22:36,18-24,"TikTok, Instagram, Facebook",More than 5 hours,No,3,"ADHD, Autism, Depression, Anxiety",Sometimes,"Watch the full video, Like the video, Read comments",Confusion,If they mention scientific sources,Yes,Started labeling myself without a doctor,1,No,No,4
3/16/2026 23:03,18-24,Instagram,More than 5 hours,Sometimes,2,Autism,Sometimes,Watch the full video,Confusion,If they mention scientific sources,Yes,Started labeling myself without a doctor,4,No,No,5
3/16/2026 23:20,18-24,Instagram,1-3 hours,Sometimes,1,Other,No,Watch the full video,Relief from understanding myself,I don't verify the information,Yes,Did nothing,1,No,No,4
3/17/2026 0:15,18-24,"TikTok, YouTube",More than 5 hours,Sometimes,4,"ADHD, Depression, Anxiety",Sometimes,Skip it,Confusion,If they mention scientific sources,Yes,Did nothing,3,No,No,4
3/17/2026 1:13,45 or older,Facebook,1-3 hours,No,4,"Depression, Anxiety, Digestive Issues, Other","Yes, constantly","Watch the full video, Read comments, Skip it",Relief from understanding myself,If they are a specialized doctor,No,Did nothing,5,No,No,3
3/17/2026 1:32,18-24,"TikTok, Instagram, Facebook",3-5 hours,Sometimes,3,"Depression, Anxiety, Bipolar Disorder",Sometimes,"Watch the full video, Read comments",Relief from understanding myself,Based on a convincing personal experience,Yes,Did nothing,3,No,No,4
3/17/2026 4:56,18-24,"TikTok, Facebook",3-5 hours,Sometimes,2,"ADHD, Autism",Sometimes,Read comments,Doubt and disbelief,Based on a convincing personal experience,No,Did nothing,4,No,No,3
3/17/2026 9:54,18-24,Instagram,1-3 hours,Sometimes,2,Depression,Sometimes,Watch the full video,Relief from understanding myself,I don't verify the information,Yes,Did nothing,3,No,No,4
3/17/2026 12:24,18-24,"YouTube, Facebook",3-5 hours,Sometimes,4,"Depression, Digestive Issues, Other","Yes, constantly","Watch the full video, Save the video",Confusion,I don't verify the information,Yes,Did nothing,3,No,No,4
3/17/2026 19:07,18-24,"Instagram, YouTube",1-3 hours,No,2,"Depression, Anxiety",No,"Watch the full video, Skip it",Relief from understanding myself,If they mention scientific sources,No,Did nothing,3,No,No,3
3/17/2026 21:32,18-24,Instagram,Less than 1 hour,Sometimes,3,"ADHD, Digestive Issues, Other",Sometimes,Watch the full video,Relief from understanding myself,Based on a convincing personal experience,Yes,Consulted a specialist,2,No,No,5
3/17/2026 21:36,18-24,Instagram,Less than 1 hour,No,1,Depression,Sometimes,"Like the video, Skip it",Relief from understanding myself,If they mention scientific sources,No,Did nothing,3,No,No,4
3/17/2026 23:35,18-24,Instagram,More than 5 hours,Sometimes,1,Depression,Sometimes,Watch the full video,Relief from understanding myself,If they are a specialized doctor,Yes,Did nothing,3,No,No,5
3/21/2026 20:06,18-24,"X (Twitter), Reddit",1-3 hours,Sometimes,2,"Bipolar Disorder, Depression",Sometimes,"Skip it, Read comments",Relief from understanding myself,Based on a convincing personal experience,,Consulted a specialist,,No,No,3
3/21/2026 8:23,18-24,Instagram,Less than 1 hour,Sometimes,4,"Bipolar Disorder, Autism","Yes, constantly",Read comments,Doubt and disbelief,If they mention scientific sources,,Tried self-treatment,,No,No,4
3/19/2026 22:23,18-24,"Facebook, Instagram",More than 5 hours,Sometimes,1,"Other, Autism, Anxiety, Depression",Sometimes,"Skip it, Read comments",Doubt and disbelief,If they are a specialized doctor,,Tried self-treatment,,No,No,5
3/21/2026 13:07,18-24,"Reddit, Facebook",More than 5 hours,Sometimes,2,Other,Sometimes,"Save the video, Watch the full video",Anxiety and stress,Based on follower count,,Consulted a specialist,,No,No,3
3/22/2026 15:01,18-24,YouTube,3-5 hours,Sometimes,1,Depression,Sometimes,"Watch the full video, Read comments",Confusion,If they mention scientific sources,,Did nothing,,Yes,No,3
3/19/2026 18:30,18-24,TikTok,1-3 hours,Sometimes,1,Depression,Sometimes,"Watch the full video, Like the video",Confusion,If they mention scientific sources,,Did nothing,,No,No,4
3/22/2026 9:18,18-24,"TikTok, Instagram, X (Twitter)",1-3 hours,Yes,1,"Bipolar Disorder, Other, Anxiety, Autism","Yes, constantly",Read comments,Anxiety and stress,Based on a convincing personal experience,,Did nothing,,No,No,5
3/23/2026 0:14,18-24,TikTok,1-3 hours,Sometimes,2,"Autism, ADHD",Sometimes,Save the video,Anxiety and stress,Based on a convincing personal experience,,Started labeling myself without a doctor,,No,No,5
3/19/2026 21:06,18-24,"Instagram, X (Twitter)",1-3 hours,Sometimes,3,"Bipolar Disorder, Digestive Issues",No,Watch the full video,Anxiety and stress,If they mention scientific sources,,Started labeling myself without a doctor,,Yes,No,3
3/20/2026 5:33,18-24,"TikTok, Instagram, Facebook",3-5 hours,No,2,"Autism, Depression, ADHD",No,"Skip it, Watch the full video",Doubt and disbelief,If they mention scientific sources,,Consulted a specialist,,No,No,3
3/16/2026 10:30,18-24,"YouTube, TikTok",3-5 hours,Yes,5,"ADHD, Bipolar Disorder","Yes, constantly",Read comments,Confusion,Based on follower count,,Started labeling myself without a doctor,,No,No,5
3/20/2026 12:35,18-24,"Instagram, Facebook",3-5 hours,Sometimes,2,"Depression, Digestive Issues, Autism, ADHD","Yes, constantly",Skip it,Anxiety and stress,If they are a specialized doctor,,Started labeling myself without a doctor,,Yes,No,4
3/18/2026 4:35,25-34,"TikTok, Instagram, Facebook",3-5 hours,Sometimes,3,"Bipolar Disorder, Depression, Digestive Issues, Autism",No,Like the video,Doubt and disbelief,If they mention scientific sources,,Did nothing,,Yes,No,4
3/19/2026 14:19,18-24,TikTok,3-5 hours,Sometimes,2,Autism,Sometimes,"Watch the full video, Like the video",Anxiety and stress,I don't verify the information,,Tried self-treatment,,No,No,3
3/19/2026 14:48,25-34,"Reddit, X (Twitter)",More than 5 hours,Yes,3,"Autism, Anxiety, Depression",Sometimes,Skip it,Anxiety and stress,If they are a specialized doctor,,Started labeling myself without a doctor,,No,Yes,3
3/22/2026 0:41,18-24,"YouTube, X (Twitter), TikTok",1-3 hours,Yes,1,Digestive Issues,Sometimes,Skip it,Relief from understanding myself,I don't verify the information,,Consulted a specialist,,Yes,No,5
3/17/2026 19:42,25-34,"X (Twitter), TikTok, Instagram",1-3 hours,Sometimes,3,"Bipolar Disorder, Digestive Issues",No,Watch the full video,Relief from understanding myself,I don't verify the information,,Started labeling myself without a doctor,,No,No,4
3/19/2026 16:07,25-34,"Reddit, Facebook, Instagram",More than 5 hours,No,2,"Bipolar Disorder, Other, Autism","Yes, constantly","Like the video, Read comments",Relief from understanding myself,Based on follower count,,Tried self-treatment,,No,No,3
3/16/2026 14:15,18-24,"Instagram, TikTok, X (Twitter)",More than 5 hours,No,4,"Anxiety, Digestive Issues",No,Save the video,Anxiety and stress,Based on a convincing personal experience,,Tried self-treatment,,No,No,4
3/19/2026 16:53,18-24,YouTube,3-5 hours,Sometimes,4,Autism,"Yes, constantly",Watch the full video,Relief from understanding myself,Based on follower count,,Started labeling myself without a doctor,,No,No,5
3/20/2026 15:02,18-24,Facebook,More than 5 hours,No,1,Autism,"Yes, constantly",Read comments,Confusion,I don't verify the information,,Tried self-treatment,,No,No,5
3/22/2026 17:10,18-24,TikTok,More than 5 hours,No,1,"Bipolar Disorder, Autism, Anxiety, Other",Sometimes,Save the video,Relief from understanding myself,If they are a specialized doctor,,Did nothing,,No,Yes,4
3/16/2026 14:58,18-24,"TikTok, Facebook, Instagram",3-5 hours,Sometimes,1,"Depression, Other, Digestive Issues",Sometimes,"Read comments, Skip it",Doubt and disbelief,Based on a convincing personal experience,,Started labeling myself without a doctor,,No,No,4
3/21/2026 8:05,18-24,"YouTube, TikTok",3-5 hours,Yes,3,"Bipolar Disorder, Anxiety, Digestive Issues, Depression","Yes, constantly","Watch the full video, Save the video",Relief from understanding myself,If they are a specialized doctor,,Consulted a specialist,,No,No,4
3/19/2026 1:07,18-24,"Reddit, YouTube",3-5 hours,No,5,Digestive Issues,Sometimes,"Watch the full video, Read comments",Confusion,Based on a convincing personal experience,,Did nothing,,No,No,4
3/19/2026 16:10,18-24,"YouTube, Reddit, TikTok",More than 5 hours,Yes,1,"ADHD, Depression, Anxiety","Yes, constantly","Skip it, Watch the full video",Relief from understanding myself,If they mention scientific sources,,Did nothing,,No,No,3
3/19/2026 15:26,18-24,Facebook,1-3 hours,Yes,4,"Anxiety, ADHD, Digestive Issues, Other","Yes, constantly","Read comments, Save the video",Relief from understanding myself,I don't verify the information,,Tried self-treatment,,No,No,4
3/16/2026 13:40,25-34,"Instagram, Facebook, Reddit",3-5 hours,Yes,3,"Anxiety, Bipolar Disorder, Autism, Digestive Issues",Sometimes,Watch the full video,Relief from understanding myself,If they are a specialized doctor,,Started labeling myself without a doctor,,No,No,5
3/20/2026 11:43,18-24,"TikTok, Reddit",More than 5 hours,Sometimes,4,"ADHD, Anxiety","Yes, constantly",Like the video,Confusion,If they are a specialized doctor,,Started labeling myself without a doctor,,Yes,No,3
3/21/2026 10:01,18-24,X (Twitter),3-5 hours,Sometimes,3,"ADHD, Digestive Issues, Bipolar Disorder",Sometimes,Read comments,Anxiety and stress,I don't verify the information,,Consulted a specialist,,No,No,4
3/22/2026 15:24,25-34,"Reddit, TikTok, Instagram",3-5 hours,Sometimes,1,"Bipolar Disorder, Digestive Issues, Other, ADHD",No,"Save the video, Skip it",Doubt and disbelief,If they mention scientific sources,,Consulted a specialist,,No,No,5
3/22/2026 19:06,18-24,"X (Twitter), TikTok",3-5 hours,Yes,2,"Depression, ADHD, Other, Bipolar Disorder","Yes, constantly",Save the video,Confusion,If they are a specialized doctor,,Started labeling myself without a doctor,,No,No,3
3/23/2026 3:16,25-34,"TikTok, Instagram, Reddit",More than 5 hours,No,2,"Other, Anxiety, Bipolar Disorder",No,"Read comments, Save the video",Anxiety and stress,Based on follower count,,Consulted a specialist,,Yes,No,4
3/19/2026 13:31,25-34,"Facebook, Reddit",More than 5 hours,No,1,"Bipolar Disorder, Autism",Sometimes,"Save the video, Read comments",Doubt and disbelief,If they are a specialized doctor,,Did nothing,,No,No,3
3/18/2026 4:16,18-24,Facebook,More than 5 hours,No,1,"Depression, Anxiety, Other",Sometimes,Read comments,Doubt and disbelief,Based on a convincing personal experience,,Started labeling myself without a doctor,,No,No,3
3/17/2026 18:46,18-24,"Instagram, X (Twitter)",Less than 1 hour,Sometimes,3,Anxiety,Sometimes,Skip it,Relief from understanding myself,If they are a specialized doctor,,Tried self-treatment,,No,No,3
3/18/2026 1:20,18-24,"Reddit, Facebook, Instagram",More than 5 hours,Sometimes,3,"Bipolar Disorder, Other",Sometimes,"Save the video, Watch the full video",Relief from understanding myself,Based on a convincing personal experience,,Did nothing,,Yes,No,3
3/17/2026 14:36,25-34,"X (Twitter), Facebook",1-3 hours,Sometimes,3,"Depression, Bipolar Disorder, Autism",No,Watch the full video,Doubt and disbelief,I don't verify the information,,Tried self-treatment,,No,No,5
3/17/2026 22:00,18-24,"X (Twitter), YouTube, Instagram",More than 5 hours,No,2,"Autism, Digestive Issues, Depression",Sometimes,"Save the video, Skip it",Anxiety and stress,If they mention scientific sources,,Did nothing,,No,No,5
3/19/2026 11:23,35-44,"Instagram, TikTok",More than 5 hours,Sometimes,4,Anxiety,"Yes, constantly",Skip it,Confusion,If they mention scientific sources,,Consulted a specialist,,No,No,5
3/22/2026 15:20,18-24,"TikTok, X (Twitter)",1-3 hours,Yes,5,Depression,Sometimes,"Read comments, Watch the full video",Anxiety and stress,If they mention scientific sources,,Consulted a specialist,,Yes,No,4
3/18/2026 10:47,18-24,Reddit,More than 5 hours,Sometimes,3,"Bipolar Disorder, Other, ADHD","Yes, constantly","Read comments, Watch the full video",Doubt and disbelief,Based on follower count,,Consulted a specialist,,No,No,3
3/21/2026 6:50,18-24,X (Twitter),3-5 hours,Yes,1,Depression,"Yes, constantly","Skip it, Like the video",Confusion,I don't verify the information,,Consulted a specialist,,Yes,No,4
3/19/2026 14:05,25-34,"Reddit, TikTok",More than 5 hours,No,4,"Other, Bipolar Disorder",No,"Read comments, Save the video",Relief from understanding myself,Based on follower count,,Consulted a specialist,,No,Yes,3
3/18/2026 4:18,18-24,"X (Twitter), TikTok",3-5 hours,No,3,"Depression, Bipolar Disorder",No,Save the video,Confusion,If they mention scientific sources,,Consulted a specialist,,No,Yes,5
3/23/2026 5:32,18-24,"Instagram, Facebook",More than 5 hours,No,1,"Anxiety, ADHD","Yes, constantly",Skip it,Confusion,Based on a convincing personal experience,,Tried self-treatment,,No,No,3
3/21/2026 19:58,25-34,"X (Twitter), Instagram, Facebook",Less than 1 hour,No,1,"Autism, Depression, ADHD, Bipolar Disorder",Sometimes,Read comments,Anxiety and stress,If they are a specialized doctor,,Started labeling myself without a doctor,,No,No,5
3/20/2026 9:16,18-24,Instagram,More than 5 hours,Sometimes,1,"Autism, Depression","Yes, constantly",Skip it,Relief from understanding myself,If they are a specialized doctor,,Tried self-treatment,,Yes,No,4
3/21/2026 5:55,18-24,"X (Twitter), Reddit, Instagram",1-3 hours,No,2,"ADHD, Bipolar Disorder, Anxiety, Autism",Sometimes,"Skip it, Watch the full video",Relief from understanding myself,If they are a specialized doctor,,Started labeling myself without a doctor,,No,No,4
3/17/2026 0:44,18-24,Facebook,More than 5 hours,Yes,3,"Other, Digestive Issues","Yes, constantly",Save the video,Anxiety and stress,Based on a convincing personal experience,,Did nothing,,No,No,3
3/20/2026 4:00,25-34,"TikTok, X (Twitter)",More than 5 hours,Yes,1,"Autism, Anxiety, Digestive Issues","Yes, constantly",Watch the full video,Doubt and disbelief,Based on follower count,,Tried self-treatment,,No,Yes,5
3/17/2026 9:57,18-24,"Reddit, TikTok, YouTube",3-5 hours,No,3,"Other, Digestive Issues",No,"Save the video, Like the video",Relief from understanding myself,I don't verify the information,,Consulted a specialist,,Yes,No,5
3/19/2026 11:35,18-24,Reddit,More than 5 hours,No,2,"Depression, Other","Yes, constantly","Skip it, Watch the full video",Doubt and disbelief,If they mention scientific sources,,Tried self-treatment,,No,No,4
3/22/2026 9:12,18-24,Reddit,More than 5 hours,Yes,1,"Bipolar Disorder, Anxiety","Yes, constantly",Save the video,Doubt and disbelief,I don't verify the information,,Tried self-treatment,,Yes,No,4
3/18/2026 19:58,18-24,"X (Twitter), Instagram, Facebook",3-5 hours,No,4,"Bipolar Disorder, Depression, Anxiety, Digestive Issues","Yes, constantly","Like the video, Watch the full video",Doubt and disbelief,If they are a specialized doctor,,Did nothing,,No,No,5
3/17/2026 5:29,35-44,X (Twitter),3-5 hours,Sometimes,3,"ADHD, Depression, Other","Yes, constantly","Read comments, Like the video",Anxiety and stress,If they are a specialized doctor,,Started labeling myself without a doctor,,No,No,4
3/21/2026 2:29,18-24,"Facebook, Reddit",More than 5 hours,Sometimes,4,"Digestive Issues, Other",Sometimes,Skip it,Confusion,I don't verify the information,,Consulted a specialist,,No,No,5
3/19/2026 18:25,18-24,YouTube,1-3 hours,Sometimes,4,"Digestive Issues, ADHD",No,Read comments,Doubt and disbelief,If they are a specialized doctor,,Consulted a specialist,,No,No,4
3/17/2026 15:04,25-34,"Instagram, X (Twitter)",1-3 hours,Yes,5,"Anxiety, Bipolar Disorder",No,"Read comments, Save the video",Doubt and disbelief,If they are a specialized doctor,,Did nothing,,No,No,4
3/23/2026 8:02,25-34,"Instagram, YouTube, Reddit",Less than 1 hour,Sometimes,3,"Bipolar Disorder, ADHD","Yes, constantly","Save the video, Skip it",Doubt and disbelief,I don't verify the information,,Did nothing,,No,No,4
3/21/2026 13:06,18-24,"Reddit, Facebook, X (Twitter)",More than 5 hours,Sometimes,5,Depression,"Yes, constantly",Skip it,Doubt and disbelief,Based on follower count,,Tried self-treatment,,No,No,4
3/16/2026 16:01,18-24,TikTok,1-3 hours,Yes,2,"Other, Anxiety, Bipolar Disorder",Sometimes,"Like the video, Save the video",Confusion,Based on a convincing personal experience,,Consulted a specialist,,Yes,No,4
3/16/2026 20:08,18-24,"Reddit, TikTok, Instagram",Less than 1 hour,Sometimes,2,"Autism, Other, Depression, Anxiety","Yes, constantly","Read comments, Watch the full video",Doubt and disbelief,If they mention scientific sources,,Started labeling myself without a doctor,,No,No,4
3/21/2026 12:33,45 or older,Reddit,More than 5 hours,No,5,"Other, Anxiety, Autism",No,Like the video,Relief from understanding myself,If they are a specialized doctor,,Did nothing,,No,No,5
3/22/2026 11:34,18-24,Reddit,More than 5 hours,Sometimes,3,Depression,"Yes, constantly","Read comments, Watch the full video",Anxiety and stress,If they mention scientific sources,,Tried self-treatment,,No,No,3
3/18/2026 8:08,18-24,YouTube,3-5 hours,Sometimes,2,Bipolar Disorder,"Yes, constantly","Like the video, Skip it",Doubt and disbelief,If they are a specialized doctor,,Tried self-treatment,,No,No,3
3/18/2026 3:52,18-24,Instagram,Less than 1 hour,Sometimes,5,"Other, Depression",No,Like the video,Doubt and disbelief,Based on follower count,,Consulted a specialist,,No,No,3
3/21/2026 19:18,18-24,"Instagram, YouTube",Less than 1 hour,No,2,ADHD,No,Watch the full video,Anxiety and stress,If they mention scientific sources,,Did nothing,,No,No,4
3/18/2026 14:59,18-24,Reddit,3-5 hours,Sometimes,4,"Depression, Digestive Issues, Other, Bipolar Disorder","Yes, constantly",Like the video,Doubt and disbelief,If they mention scientific sources,,Tried self-treatment,,No,No,3
3/17/2026 3:41,25-34,"TikTok, Instagram",3-5 hours,Yes,4,"Autism, Anxiety, Bipolar Disorder, Digestive Issues","Yes, constantly","Like the video, Watch the full video",Doubt and disbelief,If they mention scientific sources,,Consulted a specialist,,No,Yes,4
3/22/2026 8:52,18-24,"TikTok, Facebook, Reddit",3-5 hours,Yes,1,"Other, ADHD, Bipolar Disorder",No,Like the video,Relief from understanding myself,If they mention scientific sources,,Did nothing,,No,No,4
3/17/2026 4:59,18-24,TikTok,1-3 hours,No,5,"Anxiety, Other",No,Watch the full video,Doubt and disbelief,If they mention scientific sources,,Tried self-treatment,,Yes,No,3
3/21/2026 18:35,18-24,Instagram,More than 5 hours,Yes,2,Anxiety,"Yes, constantly","Skip it, Save the video",Relief from understanding myself,If they are a specialized doctor,,Did nothing,,No,No,5
3/20/2026 19:41,18-24,"Instagram, Facebook",More than 5 hours,Sometimes,5,"Other, Autism, Anxiety",No,"Skip it, Watch the full video",Anxiety and stress,Based on a convincing personal experience,,Tried self-treatment,,No,No,5
3/22/2026 4:35,18-24,"TikTok, Reddit, X (Twitter)",More than 5 hours,Yes,1,Digestive Issues,"Yes, constantly",Save the video,Confusion,I don't verify the information,,Consulted a specialist,,Yes,No,5
3/20/2026 16:10,35-44,Reddit,More than 5 hours,No,1,Depression,No,Like the video,Anxiety and stress,If they are a specialized doctor,,Consulted a specialist,,No,No,4
3/23/2026 4:04,18-24,"Instagram, Facebook",More than 5 hours,No,4,"ADHD, Bipolar Disorder",Sometimes,Read comments,Doubt and disbelief,Based on follower count,,Did nothing,,No,No,4
3/18/2026 2:56,18-24,"TikTok, Facebook",1-3 hours,No,2,Depression,Sometimes,"Save the video, Read comments",Doubt and disbelief,If they mention scientific sources,,Tried self-treatment,,No,No,3
3/16/2026 21:05,18-24,X (Twitter),3-5 hours,Sometimes,4,"Anxiety, Autism, Other, Digestive Issues","Yes, constantly",Skip it,Confusion,Based on a convincing personal experience,,Did nothing,,Yes,No,5
3/19/2026 11:39,18-24,"Facebook, Reddit",1-3 hours,Sometimes,4,ADHD,Sometimes,"Save the video, Watch the full video",Anxiety and stress,I don't verify the information,,Consulted a specialist,,Yes,No,3
3/21/2026 2:56,18-24,"Facebook, TikTok, Reddit",More than 5 hours,No,2,"Bipolar Disorder, Anxiety, Other","Yes, constantly",Watch the full video,Confusion,Based on follower count,,Consulted a specialist,,No,No,3
3/18/2026 15:16,18-24,"Reddit, YouTube",1-3 hours,Sometimes,4,"Autism, Depression, Other, Bipolar Disorder",No,Skip it,Doubt and disbelief,Based on follower count,,Did nothing,,No,No,4
3/22/2026 18:07,18-24,TikTok,3-5 hours,Sometimes,1,"ADHD, Anxiety, Autism",Sometimes,"Like the video, Save the video",Anxiety and stress,If they mention scientific sources,,Consulted a specialist,,Yes,No,3
3/19/2026 15:20,18-24,"Reddit, Facebook, X (Twitter)",3-5 hours,No,3,"Other, Digestive Issues","Yes, constantly",Save the video,Confusion,I don't verify the information,,Started labeling myself without a doctor,,No,No,5
3/22/2026 7:33,25-34,Reddit,1-3 hours,Yes,5,"Autism, Bipolar Disorder","Yes, constantly",Like the video,Relief from understanding myself,If they are a specialized doctor,,Tried self-treatment,,Yes,No,4
3/19/2026 9:43,18-24,X (Twitter),1-3 hours,Yes,2,"Digestive Issues, Anxiety, ADHD, Bipolar Disorder",Sometimes,Watch the full video,Doubt and disbelief,Based on a convincing personal experience,,Started labeling myself without a doctor,,Yes,No,3
3/19/2026 17:04,18-24,X (Twitter),More than 5 hours,Sometimes,3,"Other, Depression",No,"Watch the full video, Like the video",Confusion,If they mention scientific sources,,Tried self-treatment,,Yes,No,5
3/18/2026 2:07,35-44,"Facebook, YouTube, X (Twitter)",3-5 hours,Yes,4,"ADHD, Depression, Other",Sometimes,"Save the video, Read comments",Confusion,I don't verify the information,,Started labeling myself without a doctor,,No,No,3
3/18/2026 20:03,45 or older,"X (Twitter), Instagram",3-5 hours,No,2,"ADHD, Autism",Sometimes,Like the video,Relief from understanding myself,I don't verify the information,,Did nothing,,No,No,4
3/20/2026 21:34,18-24,Reddit,More than 5 hours,Yes,2,"Other, Bipolar Disorder, Depression",Sometimes,"Read comments, Watch the full video",Anxiety and stress,If they are a specialized doctor,,Tried self-treatment,,No,No,3
3/23/2026 8:15,18-24,"X (Twitter), Instagram",More than 5 hours,Sometimes,3,"Autism, Anxiety, ADHD, Depression",Sometimes,Read comments,Anxiety and stress,If they mention scientific sources,,Started labeling myself without a doctor,,No,No,4
3/23/2026 2:38,35-44,"Instagram, Reddit, TikTok",More than 5 hours,Yes,2,"Bipolar Disorder, ADHD, Autism, Depression",No,"Read comments, Watch the full video",Doubt and disbelief,If they are a specialized doctor,,Tried self-treatment,,No,No,5
3/17/2026 23:43,18-24,TikTok,3-5 hours,No,3,"Bipolar Disorder, Depression, Anxiety, Autism","Yes, constantly","Watch the full video, Save the video",Confusion,Based on a convincing personal experience,,Started labeling myself without a doctor,,No,No,3
3/19/2026 7:57,25-34,"Facebook, TikTok",Less than 1 hour,Yes,1,"Digestive Issues, Depression, Anxiety, Bipolar Disorder",Sometimes,"Watch the full video, Like the video",Doubt and disbelief,I don't verify the information,,Tried self-treatment,,Yes,No,5
3/21/2026 2:52,18-24,Facebook,3-5 hours,Yes,5,"Autism, Depression","Yes, constantly",Save the video,Anxiety and stress,Based on follower count,,Started labeling myself without a doctor,,Yes,No,3
3/16/2026 16:14,18-24,"Facebook, Reddit, YouTube",3-5 hours,Sometimes,3,Bipolar Disorder,No,Skip it,Relief from understanding myself,Based on follower count,,Consulted a specialist,,No,No,4
3/19/2026 8:09,18-24,"X (Twitter), TikTok, YouTube",3-5 hours,Yes,3,Bipolar Disorder,"Yes, constantly",Save the video,Doubt and disbelief,I don't verify the information,,Tried self-treatment,,Yes,Yes,4
3/22/2026 1:04,18-24,TikTok,1-3 hours,Sometimes,5,"Depression, Autism, ADHD",Sometimes,Save the video,Anxiety and stress,If they mention scientific sources,,Consulted a specialist,,No,No,3
3/19/2026 23:00,18-24,"Facebook, YouTube, X (Twitter)",3-5 hours,No,5,Digestive Issues,Sometimes,"Skip it, Watch the full video",Anxiety and stress,If they are a specialized doctor,,Consulted a specialist,,No,Yes,4
3/21/2026 0:28,18-24,"YouTube, TikTok, X (Twitter)",Less than 1 hour,Sometimes,1,"Autism, Depression","Yes, constantly","Read comments, Save the video",Doubt and disbelief,Based on a convincing personal experience,,Tried self-treatment,,No,Yes,5
3/19/2026 13:57,25-34,"X (Twitter), Instagram",3-5 hours,No,2,Other,No,"Save the video, Watch the full video",Confusion,Based on a convincing personal experience,,Consulted a specialist,,No,No,4
3/20/2026 8:38,25-34,X (Twitter),More than 5 hours,Sometimes,2,"Anxiety, Depression, Bipolar Disorder, Other",Sometimes,Skip it,Anxiety and stress,If they mention scientific sources,,Did nothing,,Yes,No,5
3/17/2026 14:37,18-24,"Reddit, Facebook, X (Twitter)",3-5 hours,No,5,"Other, Bipolar Disorder, Autism, Digestive Issues","Yes, constantly",Skip it,Confusion,If they are a specialized doctor,,Started labeling myself without a doctor,,No,No,4
3/19/2026 16:58,18-24,"Reddit, X (Twitter)",More than 5 hours,Sometimes,1,"ADHD, Other, Digestive Issues, Anxiety",Sometimes,"Save the video, Skip it",Confusion,If they mention scientific sources,,Consulted a specialist,,Yes,No,5
3/17/2026 23:06,45 or older,"X (Twitter), Instagram, TikTok",3-5 hours,Sometimes,2,"Autism, Bipolar Disorder, Depression, Anxiety",Sometimes,Save the video,Doubt and disbelief,I don't verify the information,,Consulted a specialist,,No,No,3
3/22/2026 1:38,45 or older,"Reddit, Instagram, X (Twitter)",More than 5 hours,Yes,2,"Other, Autism",Sometimes,Watch the full video,Confusion,If they mention scientific sources,,Started labeling myself without a doctor,,Yes,No,4
3/17/2026 1:25,25-34,Facebook,3-5 hours,No,2,Autism,Sometimes,"Save the video, Watch the full video",Confusion,Based on a convincing personal experience,,Tried self-treatment,,No,No,5
3/22/2026 6:49,18-24,"YouTube, X (Twitter)",3-5 hours,Yes,4,"Depression, Bipolar Disorder","Yes, constantly","Like the video, Save the video",Anxiety and stress,Based on follower count,,Tried self-treatment,,Yes,Yes,3
3/23/2026 3:41,18-24,Instagram,More than 5 hours,Sometimes,1,"Bipolar Disorder, Autism, Depression, Digestive Issues","Yes, constantly","Save the video, Like the video",Doubt and disbelief,Based on a convincing personal experience,,Consulted a specialist,,No,No,3
3/20/2026 2:42,18-24,TikTok,3-5 hours,Yes,3,"Other, Anxiety, Digestive Issues",Sometimes,Like the video,Relief from understanding myself,Based on a convincing personal experience,,Tried self-treatment,,No,No,3
3/22/2026 2:36,25-34,"X (Twitter), YouTube",1-3 hours,Sometimes,4,"Anxiety, Digestive Issues, Bipolar Disorder, Depression",No,Read comments,Doubt and disbelief,If they mention scientific sources,,Consulted a specialist,,No,No,3
3/22/2026 20:20,35-44,Instagram,3-5 hours,Yes,4,Depression,"Yes, constantly","Read comments, Like the video",Doubt and disbelief,If they are a specialized doctor,,Started labeling myself without a doctor,,No,No,4
3/20/2026 19:01,25-34,"Facebook, YouTube, Reddit",Less than 1 hour,Sometimes,3,Autism,Sometimes,"Skip it, Like the video",Doubt and disbelief,If they are a specialized doctor,,Did nothing,,Yes,No,3
3/22/2026 16:01,18-24,"Reddit, TikTok",3-5 hours,No,1,"Anxiety, Other, ADHD","Yes, constantly",Watch the full video,Doubt and disbelief,Based on follower count,,Consulted a specialist,,No,No,4
3/16/2026 19:34,18-24,"Instagram, Facebook, YouTube",More than 5 hours,Yes,5,ADHD,Sometimes,"Like the video, Skip it",Doubt and disbelief,I don't verify the information,,Did nothing,,No,No,3
3/18/2026 16:54,25-34,"YouTube, Instagram",3-5 hours,No,4,"Digestive Issues, ADHD, Other",No,"Read comments, Save the video",Anxiety and stress,If they are a specialized doctor,,Consulted a specialist,,Yes,No,4
3/17/2026 9:58,35-44,"X (Twitter), YouTube, TikTok",Less than 1 hour,Yes,1,"Other, Depression, Bipolar Disorder, Autism","Yes, constantly",Save the video,Doubt and disbelief,I don't verify the information,,Consulted a specialist,,No,No,5
3/18/2026 5:23,18-24,"YouTube, Reddit, Instagram",3-5 hours,No,2,"Depression, Digestive Issues","Yes, constantly","Skip it, Watch the full video",Anxiety and stress,If they are a specialized doctor,,Consulted a specialist,,No,No,5
3/18/2026 11:02,18-24,"Reddit, YouTube",3-5 hours,Sometimes,1,"Bipolar Disorder, Anxiety, Digestive Issues","Yes, constantly",Skip it,Confusion,If they mention scientific sources,,Started labeling myself without a doctor,,No,Yes,4
3/16/2026 13:38,18-24,"Reddit, TikTok",More than 5 hours,Sometimes,2,"Bipolar Disorder, Digestive Issues, Autism, Depression",Sometimes,Read comments,Relief from understanding myself,Based on follower count,,Consulted a specialist,,No,No,4
3/20/2026 16:58,18-24,"YouTube, TikTok, Instagram",More than 5 hours,No,1,"Digestive Issues, Depression, Anxiety, ADHD","Yes, constantly",Watch the full video,Anxiety and stress,Based on a convincing personal experience,,Tried self-treatment,,No,No,3
3/18/2026 6:22,18-24,"Instagram, Facebook, TikTok",Less than 1 hour,Yes,5,"ADHD, Other, Digestive Issues","Yes, constantly",Watch the full video,Anxiety and stress,If they are a specialized doctor,,Consulted a specialist,,Yes,No,5
3/17/2026 23:21,18-24,"Reddit, TikTok",More than 5 hours,Sometimes,5,"Anxiety, Digestive Issues","Yes, constantly",Skip it,Doubt and disbelief,I don't verify the information,,Consulted a specialist,,No,No,5
3/21/2026 7:31,35-44,Reddit,More than 5 hours,Yes,2,"Bipolar Disorder, Other, Anxiety, Digestive Issues",Sometimes,"Skip it, Like the video",Anxiety and stress,I don't verify the information,,Did nothing,,No,No,5
3/20/2026 2:57,18-24,Facebook,3-5 hours,No,1,Bipolar Disorder,"Yes, constantly","Skip it, Like the video",Doubt and disbelief,I don't verify the information,,Tried self-treatment,,No,No,4
3/22/2026 3:25,18-24,"Facebook, Instagram, TikTok",3-5 hours,Sometimes,5,"Other, ADHD, Anxiety, Autism",Sometimes,Skip it,Confusion,Based on follower count,,Did nothing,,No,No,4
3/16/2026 13:20,18-24,"Instagram, Facebook, TikTok",3-5 hours,Yes,3,Other,Sometimes,"Like the video, Read comments",Confusion,I don't verify the information,,Tried self-treatment,,No,No,5
3/20/2026 19:17,18-24,"YouTube, TikTok, Instagram",More than 5 hours,Sometimes,2,Other,Sometimes,"Like the video, Read comments",Anxiety and stress,Based on follower count,,Tried self-treatment,,No,No,3
3/21/2026 9:52,18-24,"Instagram, YouTube, Reddit",More than 5 hours,No,4,"ADHD, Other, Bipolar Disorder",Sometimes,"Like the video, Skip it",Confusion,I don't verify the information,,Tried self-treatment,,No,No,5
3/22/2026 6:12,35-44,"X (Twitter), Instagram",1-3 hours,Yes,2,Anxiety,"Yes, constantly",Like the video,Confusion,Based on follower count,,Tried self-treatment,,No,No,4
3/17/2026 1:17,18-24,"X (Twitter), Instagram, Facebook",3-5 hours,Sometimes,5,"Autism, Other","Yes, constantly",Save the video,Anxiety and stress,If they mention scientific sources,,Started labeling myself without a doctor,,Yes,No,5
3/17/2026 5:36,18-24,"Instagram, Facebook",Less than 1 hour,No,5,"Autism, Depression, Bipolar Disorder","Yes, constantly","Watch the full video, Save the video",Anxiety and stress,Based on follower count,,Consulted a specialist,,No,No,4
3/20/2026 4:59,35-44,"Facebook, YouTube",More than 5 hours,Sometimes,1,"ADHD, Digestive Issues, Depression, Bipolar Disorder","Yes, constantly","Read comments, Watch the full video",Doubt and disbelief,Based on follower count,,Started labeling myself without a doctor,,No,No,3
3/20/2026 10:34,45 or older,"Facebook, TikTok",3-5 hours,Sometimes,4,"Bipolar Disorder, Autism",Sometimes,Save the video,Relief from understanding myself,I don't verify the information,,Did nothing,,No,No,3
3/18/2026 5:13,18-24,"YouTube, X (Twitter), Facebook",3-5 hours,Sometimes,1,Digestive Issues,Sometimes,Read comments,Doubt and disbelief,I don't verify the information,,Did nothing,,No,No,4
3/22/2026 18:46,25-34,"X (Twitter), TikTok",More than 5 hours,Sometimes,3,"Digestive Issues, Bipolar Disorder, Other, ADHD",No,"Save the video, Watch the full video",Anxiety and stress,Based on follower count,,Tried self-treatment,,Yes,No,3
3/19/2026 3:33,45 or older,"Instagram, Reddit",3-5 hours,Sometimes,3,"Digestive Issues, Depression","Yes, constantly",Read comments,Confusion,If they are a specialized doctor,,Consulted a specialist,,No,No,4
3/18/2026 6:39,18-24,YouTube,3-5 hours,No,2,"Digestive Issues, Other",Sometimes,"Watch the full video, Skip it",Relief from understanding myself,I don't verify the information,,Consulted a specialist,,No,Yes,4
